data_id,iso,event_id_cnty,event_id_no_cnty,event_date,year,time_precision,event_type,sub_event_type,actor1,assoc_actor_1,inter1,actor2,assoc_actor_2,inter2,interaction,region,country,admin1,admin2,admin3,location,latitude,longitude,geo_precision,source,source_scale,notes,fatalities,timestamp,iso3
4560115,792,TUR7437,7437,21-Feb-19,2019,1,Violence against civilians,Abduction/forced disappearance,Unidentified Armed Group (Turkey),,3,Civilians (Turkey),,7,37,Middle East,Turkey,Edirne,Edirne,,Edirne,41.6757,26.5587,3,Turkey Purge,Other,"As reported by his wife, a Turkish businessman was abducted by a group of gunmen in Edirne province on the night of February 21, 2019. It was claimed by some journalists that the Turkish Intelligence (MIT) abducted the man over his alleged links to Gulen Group, which is accused of planning a coup attempt on July 15, 2016.",0,1552576397,TUR
5368575,792,TUR7393,7393,13-Feb-19,2019,1,Violence against civilians,Abduction/forced disappearance,Unidentified Armed Group (Turkey),,3,Civilians (Turkey),,7,37,Middle East,Turkey,Ankara,Altindag,,Altindag,39.9667,32.9225,1,Human Rights Foundation of Turkey,National,"On February 13, two people were abducted by about 40 men who introduced themselves as undercover armed policemen in Altindag area of Ankara city. The Police Headquarters of Ankara stated that investigation regarding the incident was taking place but no other explanation provided despite the efforts some HDP MPs.",0,1561470076,TUR
5368553,792,TUR7328,7328,6-Feb-19,2019,1,Explosions/Remote violence,Air/drone strike,Military Forces of Turkey (2016-),,1,PKK: Kurdistan Workers Party,,2,12,Middle East,Turkey,Hakkari,Cukurca,,Cukurca,37.2481,43.6136,2,People's Defense Forces,National,"HPG reported that on February 6, Turkish Forces conducted airstrikes in Mahir Mirzo, Selale and Bircel areas (Kurdish names) of Cukurca district, Hakkari province, targeting PKK. No casualties reported.",0,1561470076,TUR
5368597,792,TUR7420,7420,21-Feb-19,2019,1,Battles,Armed clash,PKK: Kurdistan Workers Party,,2,Military Forces of Turkey (2016-),,1,12,Middle East,Turkey,Agri,Dogubeyazit,,Somkaya,39.3968,43.9976,2,People's Defense Forces,National,"HPG reported that on February 21, near Zorava (Somkaya) village of Dogubeyazit, Agri, PKK attacked a military vehicle of Turkish forces. Casualties remained unknown.",0,1561470076,TUR
5368591,792,TUR7412,7412,19-Feb-19,2019,1,Battles,Armed clash,PKK: Kurdistan Workers Party,,2,Military Forces of Turkey (2016-),,1,12,Middle East,Turkey,Sirnak,Silopi,,Judi Mountain,37.3694,42.3442,2,People's Defense Forces,National,"HPG reported that on February 19, PKK attacked Turkish Forces in Kore (Kurdish name) area of Judi (Cudi) Mountain in Sirnak province. Casualties remained unknown.",0,1561470076,TUR
5368574,792,TUR7389,7389,14-Feb-19,2019,1,Battles,Armed clash,PKK: Kurdistan Workers Party,,2,Military Forces of Turkey (2016-),,1,12,Middle East,Turkey,Igdir,Igdir,,Igdir,39.9237,44.045,3,People's Defense Forces,Subnational,"HPG reported that on February 14, PKK attacked a Turkish Military Post (Axuri is the Kurdish name) in Igdir province, reportedly killing the commander of the post.",1,1561470076,TUR
5368563,792,TUR7361,7361,11-Feb-19,2019,1,Battles,Armed clash,PKK: Kurdistan Workers Party,,2,Military Forces of Turkey (2016-),,1,12,Middle East,Turkey,Hakkari,Cukurca,,Cukurca,37.2481,43.6136,2,People's Defense Forces,Subnational,"HPG reported that on February 11, PKK attacked Turkish Forces on Zeregol Hill (Kurdish name) of Cukurca, Hakkari. Casualties remained unknown.",0,1561470076,TUR
4561373,792,TUR7403,7403,17-Feb-19,2019,2,Strategic developments,Arrests,Police Forces of Turkey (2016-),,1,Civilians (Turkey),PKK: Kurdistan Workers Party,7,17,Middle East,Turkey,Ankara,Cankaya,,Ankara,39.9117,32.8403,3,Karar,National,"Arrests: As reported on February 17, 735 people accused of supporting PKK were detained in the nationwide operation of Police Forces. The group was reportedly preparing for various attacks on the anniversary of detention of PKK Leader Ocalan on February 15.",0,1552576398,TUR
4562468,792,TUR7381,7381,14-Feb-19,2019,1,Strategic developments,Arrests,Police Forces of Turkey (2016-),,1,Civilians (Turkey),,7,17,Middle East,Turkey,Bursa,Osmangazi,,Osmangazi,40.2259,29.0439,1,Aydinlik,National,"Arrests: On February 14, 52 people, suspected to be members of Islamic State, were detained in Bursa in the simultaneous operations of Police Forces in Osmangazi town of the province.",0,1552576400,TUR
4562475,792,TUR7388,7388,14-Feb-19,2019,1,Strategic developments,Arrests,Police Forces of Turkey (2016-),,1,Civilians (Turkey),PKK: Kurdistan Workers Party,7,17,Middle East,Turkey,Van,Caldiran,,Caldiran,39.1432,43.9107,2,Beyaz Gazete,National,"Arrests: Between February 13 and 15, 57 people were detained and accused of supporting PKK during the Police raids in Caldiran district of Van.",0,1552576400,TUR
5368569,792,TUR7379,7379,13-Feb-19,2019,1,Strategic developments,Arrests,Police Forces of Turkey (2016-),,1,Civilians (Turkey),PKK: Kurdistan Workers Party,7,17,Middle East,Turkey,Agri,Agri,,Agri,39.7147,43.0402,3,ANF News,National,"Arrests: On February 13, 55 people were detained and accused of supporting PKK during the Police raids in Dogubayaz?t, Patnos, Tutak, Diyadin, Taslicay, Hamur, Eleskirt districts and Agr? city center.",0,1561470076,TUR
4563158,792,TUR7364,7364,12-Feb-19,2019,1,Strategic developments,Arrests,Police Forces of Turkey (2016-),,1,Civilians (Turkey),Gulen Movement,7,17,Middle East,Turkey,Ankara,Cankaya,,Ankara,39.9117,32.8403,3,Daily Sabah,National,"Arrests: On February 12, 641 people were arrested as a part of a nationwide operation of Police Forces targeting the Gulen movement, accused of planning the military coup attempt of July 2016.",0,1552576401,TUR
4564072,792,TUR7335,7335,9-Feb-19,2019,1,Strategic developments,Arrests,Police Forces of Turkey (2016-),,1,Civilians (Turkey),,7,17,Middle East,Turkey,Antalya,Antalya,,Antalya,36.9081,30.6956,3,Cumhuriyet,National,"Arrests: As reported on February 9, 27 people were detained by the Police forces in Antalya province, on suspicion of supporting Gulen movement that is accused of planning the July 2016 military coup attempt.",0,1552576402,TUR
5205235,792,TUR7587,7587,28-Feb-19,2019,1,Violence against civilians,Attack,Police Forces of Turkey (2016-) Prison Guards,,1,Civilians (Turkey),Prisoners (Turkey); Women (Turkey),7,17,Middle East,Turkey,Mardin,Mardin,,Mardin E Type Prison,37.3026,40.7644,1,Human Rights Foundation of Turkey,Other,"On February 28, a prisoner was beaten up by the prison guards of Mardin E Type Prison during her tranfer from another prison. She was also reported to be physically harrased (not stated if sexually) by the guardians as she denied strip search.",0,1559160532,TUR
5368619,792,TUR7460,7460,27-Feb-19,2019,2,Violence against civilians,Attack,Police Forces of Turkey (2016-) Prison Guards,,1,Civilians (Turkey),Prisoners (Turkey),7,17,Middle East,Turkey,Tekirdag,Tekirdag,,Gunduzlu,41.0816,27.5119,1,Human Rights Foundation of Turkey,National,"As reported on February 27, a prisoner of Tekirdag F Type Prison Number 2 (in Gunduzlu), was beaten up the prison guards, reason remained unknown.",0,1561470076,TUR
5368616,792,TUR7456,7456,26-Feb-19,2019,2,Violence against civilians,Attack,Police Forces of Turkey (2016-) Prison Guards,,1,Civilians (Turkey),Prisoners (Turkey),7,17,Middle East,Turkey,Adana,Saricam,,Mumunlu,36.9897,35.5121,1,Human Rights Foundation of Turkey,National,"As reported on February 26, a prisoner of Adana Kurkculer F Type Prison in Mumunlu, Saricam, Adana was beaten up the prison guards, as the prisoners refused to stand in military order during the regular check. Doctors were reported to deny giving him the reports proving the assault.",0,1561470076,TUR
5023913,792,TUR7588,7588,25-Feb-19,2019,1,Violence against civilians,Attack,Police Forces of Turkey (2016-) Prison Guards,,1,Civilians (Turkey),Prisoners (Turkey),7,17,Middle East,Turkey,Elazig,Elazig,,Elazig,38.6743,39.2232,1,Human Rights Foundation of Turkey,Other,"On February 25, two prisoners were beaten up by the guards of Elazig High Security Prison n. 1 (in Elazig town).",0,1553554703,TUR
5368608,792,TUR7444,7444,24-Feb-19,2019,1,Violence against civilians,Attack,Unidentified Armed Group (Turkey),,3,Civilians (Syria),Refugees/IDPs (Syria),7,37,Middle East,Turkey,Istanbul,Sultangazi,,Sultangazi,41.1065,28.8685,2,Human Rights Foundation of Turkey,National,"On February 24, four masked people broke into a Syrian familya‚Ç¨‚Ñ¢s house in Sultangazi district of Istanbul and shot one of them from the head.",0,1561470076,TUR
5368602,792,TUR7438,7438,22-Feb-19,2019,2,Violence against civilians,Attack,Police Forces of Turkey (2016-) Prison Guards,,1,Civilians (Turkey),Prisoners (Turkey),7,17,Middle East,Turkey,Elazig,Elazig,,Elazig T Type Prison,38.6338,39.1223,1,Human Rights Foundation of Turkey,National,"As reported on February 22, two prisoners were beaten up by the prison guards of Elazig T Type Prison, as they denied the strip search.",0,1561470076,TUR
5368592,792,TUR7414,7414,19-Feb-19,2019,2,Violence against civilians,Attack,Police Forces of Turkey (2016-) Prison Guards,,1,Civilians (Turkey),Prisoners (Turkey),7,17,Middle East,Turkey,Kahramanmaras,Turkoglu,,Turkoglu L Type Prison Number 2,37.347,36.8254,1,Human Rights Foundation of Turkey,National,"As reported on February 19, sixteen prisoners were beaten up by prison guards as they rejected the strip search during their transfer to Maras Turkoglu Prison L Type prison.",0,1561470076,TUR
5368584,792,TUR7400,7400,16-Feb-19,2019,1,Violence against civilians,Attack,Police Forces of Turkey (2016-),,1,Civilians (Turkey),,7,17,Middle East,Turkey,Van,Ipekyol,,Hacibekir,38.4725,43.4023,1,Bianet; Human Rights Foundation of Turkey,National,"On February 16, three children who were taken into police custody in Hacibekir Neighborhood in Ipekyolu, Van were reported to be subjected to heavy torture and mistreatment by the Police Forces. Doctor reports confirmed the torture, and the Van Bar Association has filed a complaint.",0,1561470076,TUR
5368556,792,TUR7337,7337,8-Feb-19,2019,1,Violence against civilians,Attack,Police Forces of Turkey (2016-),,1,Civilians (Turkey),Women (Turkey),7,17,Middle East,Turkey,Diyarbakir,Diyarbakir,,Baglar,37.9108,40.2367,1,Human Rights Foundation of Turkey,National,"On February 8, during a house raid in central Baglar area of Diyarbakir city, a woman was reported to be put on the ground and stepped on by the Police officers who also held a gun against the head of a child in the house.",0,1561470076,TUR
5368545,792,TUR7311,7311,4-Feb-19,2019,2,Violence against civilians,Attack,Military Forces of Turkey (2016-),,1,Civilians (Turkey),Prisoners (Turkey),7,17,Middle East,Turkey,Edirne,Edirne,,Edirne F Type Prison,41.7207,26.5427,1,Human Rights Foundation of Turkey,National,"As reported on February 4, a prisoner who went on a hunger strike for the end of long-term isolation of PKK founder was beaten up by the soldiers in Edirne F Type Prison just north of Edirne city.",0,1561470076,TUR
5368541,792,TUR7305,7305,1-Feb-19,2019,2,Violence against civilians,Attack,Police Forces of Turkey (2016-) Prison Guards,,1,Civilians (Turkey),Prisoners (Turkey); HDP: Peoples Democratic Party,7,17,Middle East,Turkey,Van,Van,,Van,38.4946,43.3832,1,Human Rights Foundation of Turkey,National,"As reported on February 1, 16 prisoners of Van T Type prison in the outskists of Tusba neighborhood of Van city were physically beaten by the Prison Guards. One of the prisoners was the former Mayor of Lice (Diyarbakir) from HDP who was detained in August 2017.",0,1561470076,TUR
5368564,792,TUR7363,7363,12-Feb-19,2019,1,Strategic developments,Change to group/activity,Government of Turkey (2016-),,1,,,0,10,Middle East,Turkey,Diyarbakir,Lice,,Lice,38.4667,40.6333,2,Haber 7,National,"Security measures: On February 12, an indefinite curfew was announced in 21 villages across Lice district of Diyarbakir province due to the possible military operations in the area targeting PKK.",0,1561470076,TUR
4562471,792,TUR7384,7384,14-Feb-19,2019,2,Strategic developments,Disrupted weapons use,Military Forces of Turkey (2016-) Gendarmerie,,1,PKK: Kurdistan Workers Party,,2,12,Middle East,Turkey,Hakkari,Yuksekova,,Akpinar,37.7109,44.4294,1,Beyaz Gazete,National,"Weapons seizure: As reported on February 14, 396 rifles reportedly belonging to PKK were seized during the operations of Gendarmerie Forces in the outskirts of Akpinar village, Yuksekova, Hakkari, in a field called Goligri.",0,1552576400,TUR
4562789,792,TUR7377,7377,13-Feb-19,2019,2,Strategic developments,Disrupted weapons use,Military Forces of Turkey (2016-) Gendarmerie,Police Forces of Turkey (2016-),1,PKK: Kurdistan Workers Party,,2,12,Middle East,Turkey,Bitlis,Tatvan,,Tatvan,38.4922,42.2827,2,Beyaz Gazete,National,"Weapons seizure: As reported on February 13, 200 kg of explosives belonging to PKK were seized during the joint operations of Police and Gendarmerie Forces in Tatvan district of Bitlis.",0,1552576400,TUR
5368605,792,TUR7441,7441,23-Feb-19,2019,1,Protests,Excessive force against protesters,Police Forces of Turkey (2016-),,1,Protesters (Turkey),Lawyers (Turkey),6,16,Middle East,Turkey,Istanbul,Istanbul,,Istanbul,41.011,28.9578,1,Human Rights Foundation of Turkey,National,"On February 23, Police Forces intervened in a protest gathering of lawyers from lawyer associations that were closed with legislative decrees in Istanbul city. Seven lawyers were detained, many of whom reported to have torture marks and injuries in their bodies that occured during detention.",0,1561470076,TUR
4558312,792,TUR7455,7455,26-Feb-19,2019,2,Strategic developments,Looting/property destruction,Military Forces of Turkey (2016-) Gendarmerie,,1,PKK: Kurdistan Workers Party,,2,12,Middle East,Turkey,Siirt,Eruh,,Akmese,37.842,42.2568,1,Beyaz Gazete,National,"Property destruction: As reported on February 26, during the military operations of Gendarmerie Forces in Akmese of Eruh district of Siirt, four bunkers belonging to PKK were destroyed along with some weapons inside.",0,1552576395,TUR
5368618,792,TUR7458,7458,26-Feb-19,2019,2,Strategic developments,Looting/property destruction,Military Forces of Turkey (2016-) Gendarmerie,Police Forces of Turkey (2016-) National Intelligence Organization,1,PKK: Kurdistan Workers Party,,2,12,Middle East,Turkey,Mardin,Mardin,,Mardin,37.3131,40.7436,2,Haber 7,National,"Property destruction:On February 26, during the joint operations of Gendarmerie and Intelligence Forces in the outskirts of the central district of Mardin, many shelters belonging to PKK were destroyed along with some weapons inside.",0,1561470076,TUR
4559967,792,TUR7422,7422,21-Feb-19,2019,2,Strategic developments,Looting/property destruction,Military Forces of Turkey (2016-) Gendarmerie,,1,PKK: Kurdistan Workers Party,,2,12,Middle East,Turkey,Sirnak,Sirnak,,Gabar Mountain,37.465,42.173,2,Beyaz Gazete,National,"Property destruction: As reported on February 21, during the military operations of Gendarmerie Forces in Gabar mountains of Sirnak province, nine caves, 13 shelters and 11 settlements belonging to PKK were destroyed.",0,1552576397,TUR
4560668,792,TUR7413,7413,19-Feb-19,2019,1,Strategic developments,Looting/property destruction,Military Forces of Turkey (2016-) Gendarmerie,,1,PKK: Kurdistan Workers Party,,2,12,Middle East,Turkey,Sirnak,Sirnak,,Dereler,37.6073,42.7478,2,Beyaz Gazete,National,"Property destruction: As reported on February 19, during the military operations of Gendarmerie Forces in Bestler-Dereler region of Sirnak province, six shelters belonging to PKK were destroyed.",0,1552576398,TUR
5368586,792,TUR7407,7407,18-Feb-19,2019,2,Strategic developments,Looting/property destruction,Military Forces of Turkey (2016-) Gendarmerie,,1,PKK: Kurdistan Workers Party,,2,12,Middle East,Turkey,Siirt,Baykan,,Baykan,38.1575,41.7733,2,Haber 7,National,"Property destruction: As reported on February 18, during the military operations of Gendarmerie Forces in Baykan district of Siirt province, unknown number of shelters belonging to PKK were destroyed.",0,1561470076,TUR
4562467,792,TUR7380,7380,14-Feb-19,2019,2,Strategic developments,Looting/property destruction,Military Forces of Turkey (2016-) Gendarmerie,,1,PKK: Kurdistan Workers Party,,2,12,Middle East,Turkey,Sirnak,Sirnak,,Boyunyaka,37.4001,42.4946,1,Beyaz Gazete,National,"Property destruction: As reported on February 14, during the military operations of Gendarmerie Forces in Judi Mountains region of Sirnak, in Boyunkaya (Boyunyaka) village, 3 shelters beloging to PKK were destroyed.",0,1552576400,TUR
5368570,792,TUR7382,7382,14-Feb-19,2019,2,Strategic developments,Looting/property destruction,Military Forces of Turkey (2016-) Gendarmerie,,1,PKK: Kurdistan Workers Party,,2,12,Middle East,Turkey,Siirt,Pervari,,Pervari,37.9357,42.5493,2,Haber 7,National,"Property destruction: As reported on February 14, during the military operations of Gendarmerie Forces in Pervari district of Siirt, 14 shelters beloging to PKK were destroyed.",0,1561470076,TUR
4562788,792,TUR7376,7376,13-Feb-19,2019,2,Strategic developments,Looting/property destruction,Military Forces of Turkey (2016-) Gendarmerie,,1,PKK: Kurdistan Workers Party,,2,12,Middle East,Turkey,Sirnak,Sirnak,,Dereler,37.6073,42.7478,2,Beyaz Gazete,National,"Property destruction: As reported on February 13, during the military operations of Gendarmerie Forces in Bestler-Dereler region of Sirnak province, 8 shelters beloging to PKK were destroyed.",0,1552576400,TUR
4563159,792,TUR7365,7365,12-Feb-19,2019,2,Strategic developments,Looting/property destruction,Police Forces of Turkey (2016-) Special Operations,,1,PKK: Kurdistan Workers Party,,2,12,Middle East,Turkey,Sirnak,Idil,,Idil,37.3348,41.8894,2,Beyaz Gazete,National,"Property destruction: As reported on February 12, during the military operations of Special Operations Unit of the Police Forces in Sarikoy, Oyali and Bagok areas of Idil, Sirnak, 12 shelters beloging to PKK were destroyed.",0,1552576401,TUR
5368565,792,TUR7366,7366,12-Feb-19,2019,1,Strategic developments,Looting/property destruction,Military Forces of Turkey (2016-) Gendarmerie,,1,PKK: Kurdistan Workers Party,,2,12,Middle East,Turkey,Diyarbakir,Lice,,Lice,38.4667,40.6333,2,Haber 7,National,"Property destruction: On February 12, during the military operations of Gendarmerie Forces in Lice district of Diyarbakir, 6 shelters beloging to PKK were destroyed.",0,1561470076,TUR
5368588,792,TUR7409,7409,18-Feb-19,2019,1,Riots,Mob violence,Rioters (Turkey),Grey Wolves,5,Civilians (Turkey),Students (Turkey),7,57,Middle East,Turkey,Adana,Saricam,,Mumunlu,36.9897,35.5121,1,Human Rights Foundation of Turkey,National,"On February 18, a student of Adana Science and Technology University was attacked and heavily wounded by a group of alleged Grey Wolves members in Saricam, Adana as he objected to the decision to change the university's name after MHP Leader Alparslan Turkes. [size=no report]",0,1561470076,TUR
4563813,792,TUR7352,7352,10-Feb-19,2019,1,Riots,Mob violence,Rioters (Turkey),Unidentified Armed Group (Turkey),5,Civilians (Turkey),Syrian Ethnic Group (Turkey); Police Forces of Turkey (2016-),7,57,Middle East,Turkey,Istanbul,Esenyurt,,Esenyurt,41.027,28.6773,1,Demokrat Haber,National,"On February 9, following a fight between the Syrian residents and a group of people in Baglarcesme negihborhood of Esenyurt town, Istanbul, a group of rioters attempted to lynch Syrians in the neighborhood, injuring four with knives and damaging some shops and vehicles belonging to Syrians. Police Forces intervened the rioters and dispersed them with water cannons and gas detaining some of them.",0,1552576402,TUR
5368543,792,TUR7307,7307,1-Feb-19,2019,1,Riots,Mob violence,Rioters (Turkey),,5,Civilians (Turkey),HDP: Peoples Democratic Party,7,57,Middle East,Turkey,Van,Van,,Van,38.495,43.383,3,Human Rights Foundation of Turkey,National,"On February 1, a vehicle used for election campaign of HDP was attacked and damaged by unknown people in Van province.",0,1561470076,TUR
5368621,792,TUR7465,7465,28-Feb-19,2019,1,Protests,Protest with intervention,Protesters (Turkey),Labour Group (Turkey); Former Government of Turkey (2016-),6,Police Forces of Turkey (2016-),,1,16,Middle East,Turkey,Ankara,Cankaya,,Ankara,39.9117,32.8403,1,Human Rights Foundation of Turkey,National,"On February 28, the former public workers who were dismissed by legislative decrees were dispersed by police forces when they tried to stage a protest on Yuksel Street in Cankaya, Ankara city. Five protesters were detained. [size=no report]",0,1561470076,TUR
4557962,792,TUR7459,7459,27-Feb-19,2019,1,Protests,Protest with intervention,Protesters (Turkey),Labour Group (Turkey),6,Police Forces of Turkey (2016-),,1,16,Middle East,Turkey,Bursa,Kestel,,Seymen,40.2205,29.3959,1,Demokrat Haber,National,"On February 27, Police Forces intervened and detained 11 people during the protests of the construction workers of Bursa high-speed rail line claiming that their salaries were not paid. A labour union (Insaat-Is) supported the protest that took place in Biracik area of Seymen village, Bursa. [size=no report]",0,1552576392,TUR
5368620,792,TUR7461,7461,27-Feb-19,2019,1,Protests,Protest with intervention,Protesters (Turkey),Labour Group (Turkey); Former Government of Turkey (2016-),6,Police Forces of Turkey (2016-),,1,16,Middle East,Turkey,Ankara,Cankaya,,Ankara,39.9117,32.8403,1,Human Rights Foundation of Turkey,National,"On February 27, the former public workers who were dismissed by legislative decrees were dispersed by police forces when they tried to stage a protest on Yuksel Street in Cankaya, Ankara city. Four protesters were detained. [size=no report]",0,1561470076,TUR
5368615,792,TUR7454,7454,26-Feb-19,2019,1,Protests,Protest with intervention,Protesters (Turkey),Labour Group (Turkey); Former Government of Turkey (2016-),6,Police Forces of Turkey (2016-),,1,16,Middle East,Turkey,Ankara,Cankaya,,Ankara,39.9117,32.8403,1,Human Rights Foundation of Turkey,National,"On February 25, the former public workers who were dismissed by legislative decrees were dispersed by police forces when they tried to stage a protest on Yuksel Street in Cankaya, Ankara city. Five protesters were detained. Some protesters also gathered in front of Cankaya Public Health Service in Ankara and five were detained.[size=no report]",0,1561470076,TUR
5368617,792,TUR7457,7457,26-Feb-19,2019,1,Protests,Protest with intervention,Protesters (Turkey),,6,Police Forces of Turkey (2016-),,1,16,Middle East,Turkey,Kocaeli,Gebze,,Gebze,40.8028,29.4307,2,Human Rights Foundation of Turkey,National,"On February 26, protest of a solidarity platform for prisoners, regarding the hunger strikes in prisons, were blocked by the Police Forces in Gebze district of Istanbul due to a ban issued by the Gebze directorate. [size=no report]",0,1561470076,TUR
5368612,792,TUR7451,7451,25-Feb-19,2019,1,Protests,Protest with intervention,Protesters (Turkey),Labour Group (Turkey); Former Government of Turkey (2016-),6,Police Forces of Turkey (2016-),,1,16,Middle East,Turkey,Ankara,Cankaya,,Ankara,39.9117,32.8403,1,Human Rights Foundation of Turkey,National,"On February 25, a group of former public workers gathered in front of Bakirkoy Square in Istanbul demand their jobs back after being dismissed by legislative decrees. Police Forces intervened and detained two protesters. [size=no report]",0,1561470076,TUR
5368613,792,TUR7452,7452,25-Feb-19,2019,1,Protests,Protest with intervention,Protesters (Turkey),Labour Group (Turkey); Former Government of Turkey (2016-),6,Police Forces of Turkey (2016-),,1,16,Middle East,Turkey,Ankara,Cankaya,,Ankara,39.9117,32.8403,1,Human Rights Foundation of Turkey,National,"On February 25, the former public workers who were dismissed by legislative decrees were dispersed by police forces when they tried to stage a protest on Yuksel Street in Cankaya, Ankara city. Five protesters were detained. [size=no report]",0,1561470076,TUR
5368609,792,TUR7445,7445,24-Feb-19,2019,1,Protests,Protest with intervention,Protesters (Turkey),Labour Group (Turkey); Former Government of Turkey (2016-),6,Police Forces of Turkey (2016-),,1,16,Middle East,Turkey,Ankara,Cankaya,,Ankara,39.9117,32.8403,1,Human Rights Foundation of Turkey,National,"On February 24, the former public workers who were dismissed by legislative decrees were dispersed by police forces when they tried to stage a protest on Yuksel Street in Cankaya, Ankara city. Four protesters were detained. [size=no report]",0,1561470076,TUR
5368604,792,TUR7440,7440,23-Feb-19,2019,1,Protests,Protest with intervention,Protesters (Turkey),Labour Group (Turkey); Former Government of Turkey (2016-),6,Police Forces of Turkey (2016-),,1,16,Middle East,Turkey,Ankara,Cankaya,,Ankara,39.9117,32.8403,1,Human Rights Foundation of Turkey,National,"On February 23, the former public workers who were dismissed by legislative decrees were dispersed by police forces when they tried to stage a protest on Yuksel Street in Cankaya, Ankara city. Five protesters were detained. [size=no report]",0,1561470076,TUR
5368606,792,TUR7442,7442,23-Feb-19,2019,1,Protests,Protest with intervention,Protesters (Turkey),IHD: Human Rights Association,6,Police Forces of Turkey (2016-),,1,16,Middle East,Turkey,Istanbul,Beyoglu,,Beyoglu,41.0369,28.9775,1,Human Rights Foundation of Turkey,National,"On February 23, IHD organized a protest march in Taksim area of Beyoglu, Istanbul to demand the release of sick prisoners. Police Forces prevented the group marching to Galatarasay square. [size=no report]",0,1561470076,TUR
5368603,792,TUR7439,7439,22-Feb-19,2019,1,Protests,Protest with intervention,Protesters (Turkey),Labour Group (Turkey); Former Government of Turkey (2016-),6,Police Forces of Turkey (2016-),,1,16,Middle East,Turkey,Ankara,Cankaya,,Ankara,39.9117,32.8403,1,Human Rights Foundation of Turkey,National,"On February 22, the former public workers who were dismissed by legislative decrees were dispersed by police forces when they tried to stage a protest on Yuksel Street in Cankaya, Ankara city. Four protesters were detained. [size=no report]",0,1561470076,TUR
5368594,792,TUR7418,7418,21-Feb-19,2019,1,Protests,Protest with intervention,Protesters (Turkey),Labour Group (Turkey); Former Government of Turkey (2016-),6,Police Forces of Turkey (2016-),,1,16,Middle East,Turkey,Ankara,Cankaya,,Ankara,39.9117,32.8403,1,Human Rights Foundation of Turkey,National,"On February 21, the former public workers who were dismissed by legislative decrees were dispersed by police forces when they tried to stage a protest on Yuksel Street in Cankaya, Ankara city. Two protesters were detained. [size=no report]",0,1561470076,TUR
5368595,792,TUR7419,7419,21-Feb-19,2019,1,Protests,Protest with intervention,Protesters (Turkey),Kurdish Ethnic Group (Turkey),6,Police Forces of Turkey (2016-),,1,16,Middle East,Turkey,Diyarbakir,Diyarbakir,,Diyarbakir,37.9136,40.2172,1,Human Rights Foundation of Turkey,National,"On February 21, the gathering of a Kurdish Language platform on account of the World Mother Tongue Day was stopped by the Police Forces in Diyarbakir city due to a protest ban issued by the governorate. [size=no report]",0,1561470076,TUR
5368593,792,TUR7415,7415,20-Feb-19,2019,1,Protests,Protest with intervention,Protesters (Turkey),Labour Group (Turkey); Former Government of Turkey (2016-),6,Police Forces of Turkey (2016-),,1,16,Middle East,Turkey,Ankara,Cankaya,,Ankara,39.9117,32.8403,1,Human Rights Foundation of Turkey,National,"On February 20, the former public workers who were dismissed by legislative decrees were dispersed by police forces when they tried to stage a protest on Yuksel Street in Cankaya, Ankara city. Six protesters were detained. [size=no report]",0,1561470076,TUR
4560271,792,TUR7417,7417,20-Feb-19,2019,1,Protests,Protest with intervention,Protesters (Turkey),CHP: Republican Peoples Party,6,Police Forces of Turkey (2016-),,1,16,Middle East,Turkey,Izmir,Konak,,Konak,38.4173,27.1302,1,Beyaz Gazete,National,"On February 20, a group of CHP members staged a protest in front of CHP Konak Branch of Izmir city upon the party council nominating another candidate for Buca Municipality of Izmir then the one Buca Branch determined. Police Forces did not let the protesters enter in the party building. [size=dozens]",0,1552576397,TUR
5368590,792,TUR7410,7410,19-Feb-19,2019,1,Protests,Protest with intervention,Protesters (Turkey),Labour Group (Turkey); Former Government of Turkey (2016-),6,Police Forces of Turkey (2016-),,1,16,Middle East,Turkey,Ankara,Cankaya,,Ankara,39.9117,32.8403,1,Human Rights Foundation of Turkey,National,"On February 19, the former public workers who were dismissed by legislative decrees were dispersed by police forces when they tried to stage a protest on Yuksel Street in Cankaya, Ankara city. Eight protesters were detained. [size=no report]",0,1561470076,TUR
5368587,792,TUR7408,7408,18-Feb-19,2019,1,Protests,Protest with intervention,Protesters (Turkey),Labour Group (Turkey); Former Government of Turkey (2016-),6,Police Forces of Turkey (2016-),,1,16,Middle East,Turkey,Ankara,Cankaya,,Ankara,39.9117,32.8403,1,Human Rights Foundation of Turkey,National,"On February 18, the former public workers who were dismissed by legislative decrees were dispersed by police forces when they tried to stage a protest on Yuksel Street in Cankaya, Ankara city. Seven protesters were detained. Some protesters also gathered in front of Cankaya Public Health Service in Ankara and one was detained. [size=no report]",0,1561470076,TUR
5368585,792,TUR7405,7405,17-Feb-19,2019,1,Protests,Protest with intervention,Protesters (Turkey),Labour Group (Turkey); Former Government of Turkey (2016-),6,Police Forces of Turkey (2016-),,1,16,Middle East,Turkey,Ankara,Cankaya,,Ankara,39.9117,32.8403,1,Human Rights Foundation of Turkey,National,"On February 17, the former public workers who were dismissed by legislative decrees were dispersed by police forces when they tried to stage a protest on Yuksel Street in Cankaya, Ankara city. Four protesters were detained. [size=no report]",0,1561470076,TUR
5368580,792,TUR7398,7398,16-Feb-19,2019,1,Protests,Protest with intervention,Protesters (Turkey),Labour Group (Turkey); Former Government of Turkey (2016-),6,Police Forces of Turkey (2016-),,1,16,Middle East,Turkey,Ankara,Cankaya,,Ankara,39.9117,32.8403,1,Human Rights Foundation of Turkey,National,"On February 16, the former public workers who were dismissed by legislative decrees were dispersed by police forces when they tried to stage a protest on Yuksel Street in Cankaya, Ankara city. Seven protesters were detained. [size=no report]",0,1561470076,TUR
5368581,792,TUR7399,7399,16-Feb-19,2019,1,Protests,Protest with intervention,Protesters (Turkey),TAYAD: Association for Prisoners and Solidary with Prisoners,6,Police Forces of Turkey (2016-),,1,16,Middle East,Turkey,Ankara,Cankaya,,Ankara,39.9117,32.8403,1,Human Rights Foundation of Turkey,National,"On February 16, an organization of the families and relatives of convicts (TAYAD) members were stopped and three were detained by Police forces when they attempted to stage a protest in Sakarya Street of Ankara city against convicts being forced to wear uniforms. [size=at least 3]",0,1561470076,TUR
5368579,792,TUR7397,7397,16-Feb-19,2019,1,Protests,Protest with intervention,Protesters (Turkey),IHD: Human Rights Association,6,Police Forces of Turkey (2016-),,1,16,Middle East,Turkey,Istanbul,Beyoglu,,Beyoglu,41.0369,28.9775,1,Human Rights Foundation of Turkey,National,"On February 16, IHD organized a protest march in Taksim area of Beyoglu, Istanbul to demand the release of sick prisoners. Police Forces prevented the group marching to Galatarasay square. [size=no report]",0,1561470076,TUR
5368600,792,TUR7435,7435,16-Feb-19,2019,1,Protests,Protest with intervention,Protesters (Turkey),TAYAD: Association for Prisoners and Solidary with Prisoners,6,Police Forces of Turkey (2016-),,1,16,Middle East,Turkey,Ankara,Cankaya,,Ankara,39.9117,32.8403,1,Human Rights Foundation of Turkey,National,"On February 16, an organization of the families and relatives of convicts (TAYAD) members were stopped and three were detained by Police forces when they attempted to stage a protest in Sakarya Street of Ankara city against convicts being forced to wear uniforms. [size=no report]",0,1561470076,TUR
5368576,792,TUR7394,7394,15-Feb-19,2019,1,Protests,Protest with intervention,Protesters (Turkey),Labour Group (Turkey); Former Government of Turkey (2016-),6,Police Forces of Turkey (2016-),,1,16,Middle East,Turkey,Ankara,Cankaya,,Ankara,39.9117,32.8403,1,Human Rights Foundation of Turkey,National,"On February 15, the former public workers who were dismissed by legislative decrees were dispersed by police forces when they tried to stage a protest on Yuksel Street in Cankaya, Ankara city. Five protesters were detained. [size=no report]",0,1561470076,TUR
5368577,792,TUR7395,7395,15-Feb-19,2019,1,Protests,Protest with intervention,Protesters (Turkey),HDP: Peoples Democratic Party,6,Police Forces of Turkey (2016-),,1,16,Middle East,Turkey,Diyarbakir,Diyarbakir,,Diyarbakir,37.9136,40.2172,1,Human Rights Foundation of Turkey,National,"On February 15, HDP members gathered in Diyarbakir city to show support for MPs, especially Leyla Guven, who went under hunger strike against the ban of receiving visits on the imprisoned PKK Leader Ocalan. Police Forces blocked the group and dispersed the protesters. [size=no report]",0,1561470076,TUR
5368578,792,TUR7396,7396,15-Feb-19,2019,1,Protests,Protest with intervention,Protesters (Turkey),HDP: Peoples Democratic Party,6,Police Forces of Turkey (2016-),,1,16,Middle East,Turkey,Diyarbakir,Ergani,,Ergani,38.269,39.7545,1,Human Rights Foundation of Turkey,National,"On February 15, HDP members from Tunceli arrived at Diyarbakir as a part of the march to show support for MPs, especially Leyla Guven, who went under hunger strike against the ban of receiving visits on the imprisoned PKK Leader Ocalan. Police Forces blocked the group from marching further in Ergani town of Diyarbakir. [size=no report]",0,1561470076,TUR
4562470,792,TUR7383,7383,14-Feb-19,2019,2,Protests,Protest with intervention,Protesters (Turkey),HDP: Peoples Democratic Party,6,Police Forces of Turkey (2016-),,1,16,Middle East,Turkey,Siirt,Siirt,,Siirt,37.9284,41.9353,1,Karar,National,"As reported on February 14, HDP Siirt Branch members started a march to Diyarbakir to show support for MPs, especially Leyla Guven, who went under hunger strike against the ban of receiving visits on the imprisoned PKK Leader Ocalan. Police Forces blocked the group from marching.",0,1552576400,TUR
5368571,792,TUR7385,7385,14-Feb-19,2019,1,Protests,Protest with intervention,Protesters (Turkey),Labour Group (Turkey); Former Government of Turkey (2016-),6,Police Forces of Turkey (2016-),,1,16,Middle East,Turkey,Ankara,Cankaya,,Ankara,39.9117,32.8403,1,Human Rights Foundation of Turkey,National,"On February 14, the former public workers who were dismissed by legislative decrees were dispersed by police forces when they tried to stage a protest on Yuksel Street in Cankaya, Ankara city. Four protesters were detained.",0,1561470076,TUR
5368572,792,TUR7386,7386,14-Feb-19,2019,1,Protests,Protest with intervention,Protesters (Turkey),HDP: Peoples Democratic Party,6,Police Forces of Turkey (2016-),,1,16,Middle East,Turkey,Mardin,Nusaybin,,Nusaybin,37.0612,41.2044,1,Human Rights Foundation of Turkey,National,"On February 14, HDP Nusaybin Branch members in Nusaybin town, Mardin, started a march to Diyarbakir to show support for MPs, especially Leyla Guven, who went under hunger strike against the ban of receiving visits on the imprisoned PKK Leader Ocalan. Police Forces blocked the group from marching.",0,1561470076,TUR
5368573,792,TUR7387,7387,14-Feb-19,2019,1,Protests,Protest with intervention,Protesters (Turkey),HDP: Peoples Democratic Party,6,Police Forces of Turkey (2016-),,1,16,Middle East,Turkey,Mus,Mus,,Mus,38.7316,41.4848,1,Human Rights Foundation of Turkey,National,"On February 14, HDP Mus Branch members, started a march to Diyarbakir to show support for MPs, especially Leyla Guven, who went under hunger strike against the ban of receiving visits on the imprisoned PKK Leader Ocalan. Police Forces blocked the group from marching.",0,1561470076,TUR
4562783,792,TUR7371,7371,13-Feb-19,2019,2,Protests,Protest with intervention,Protesters (Turkey),HDP: Peoples Democratic Party,6,Police Forces of Turkey (2016-),,1,16,Middle East,Turkey,Agri,Agri,,Agri,39.7147,43.0402,1,Demokrat Haber,National,"As reported on February 13, HDP members started a march in from some southeastern cities to Diyarbakir to show support for MPs, especially Leyla Guven, who went under hunger strike against the ban of receiving visits on the imprisoned PKK Leader Ocalan. In Agri city, Police Forces blocked the group but some MPs managed to continue their march towards Diyarbakir.",0,1552576400,TUR
4562784,792,TUR7372,7372,13-Feb-19,2019,2,Protests,Protest with intervention,Protesters (Turkey),HDP: Peoples Democratic Party,6,Police Forces of Turkey (2016-),,1,16,Middle East,Turkey,Sirnak,Sirnak,,Sirnak,37.5139,42.4543,1,Demokrat Haber,National,"As reported on February 13, HDP members started a march in from some southeastern cities to Diyarbakir to show support for MPs, especially Leyla Guven, who went under hunger strike against the ban of receiving visits on the imprisoned PKK Leader Ocalan. In Sirnak city, Police Forces blocked the group by stopping them in front of HDP Sirnak Branch.",0,1552576400,TUR
4562785,792,TUR7373,7373,13-Feb-19,2019,2,Protests,Protest with intervention,Protesters (Turkey),HDP: Peoples Democratic Party,6,Police Forces of Turkey (2016-),,1,16,Middle East,Turkey,Sirnak,Cizre,,Cizre,37.3274,42.1785,1,Demokrat Haber,National,"As reported on February 13, HDP members started a march in from some southeastern cities to Diyarbakir to show support for MPs, especially Leyla Guven, who went under hunger strike against the ban of receiving visits on the imprisoned PKK Leader Ocalan. Some members managing to leave from Sirnak city despite police blockade arrived at Cizre town of Sirnak and protested with HDP Cizre members.",0,1552576400,TUR
4562786,792,TUR7374,7374,13-Feb-19,2019,2,Protests,Protest with intervention,Protesters (Turkey),HDP: Peoples Democratic Party,6,Police Forces of Turkey (2016-),,1,16,Middle East,Turkey,Gaziantep,Gaziantep,,Gaziantep,37.0594,37.3825,1,Demokrat Haber,National,"As reported on February 13, HDP members started a march in from some southeastern cities to Diyarbakir to show support for MPs, especially Leyla Guven, who went under hunger strike against the ban of receiving visits on the imprisoned PKK Leader Ocalan. In Gaziantep city, Police Forces blocked the group by surrounding the HDP Gaziantep Branch.",0,1552576400,TUR
4562787,792,TUR7375,7375,13-Feb-19,2019,2,Protests,Protest with intervention,Protesters (Turkey),HDP: Peoples Democratic Party,6,Police Forces of Turkey (2016-),,1,16,Middle East,Turkey,Sanliurfa,Sanliurfa,,Sanliurfa,37.1671,38.7939,1,Demokrat Haber,National,"As reported on February 13, HDP members started a march in from some southeastern cities to Diyarbakir to show support for MPs, especially Leyla Guven, who went under hunger strike against the ban of receiving visits on the imprisoned PKK Leader Ocalan. In Sanliurfa city, Police Forces blocked the group by surrounding the HDP Sanliurfa Branch. Upon that, protesters staged a sit-in.",0,1552576400,TUR
5368568,792,TUR7378,7378,13-Feb-19,2019,1,Protests,Protest with intervention,Protesters (Turkey),Labour Group (Turkey); Former Government of Turkey (2016-),6,Police Forces of Turkey (2016-),,1,16,Middle East,Turkey,Ankara,Cankaya,,Ankara,39.9117,32.8403,1,Human Rights Foundation of Turkey,National,"On February 13, the former public workers who were dismissed by legislative decrees were dispersed by police forces when they tried to stage a protest on Yuksel Street in Cankaya, Ankara city. Six protesters were detained.",0,1561470076,TUR
4563156,792,TUR7362,7362,12-Feb-19,2019,1,Protests,Protest with intervention,Protesters (Turkey),HDP: Peoples Democratic Party; DBP: Democratic Regions Party,6,Police Forces of Turkey (2016-),,1,16,Middle East,Turkey,Diyarbakir,Diyarbakir,,Diyarbakir,37.9136,40.2172,1,Cumhuriyet,National,"On February 12, a group of HDP members gathered in DBP Hakkari Branch in the city to march until Diyarbakir in protest of the long term ban of receiving visits on the imprisoned PKK Leader Ocalan and to show support for MPs who went under hunger strike against this ban. Police Forces blocked the group from marching and detained many protesters.",0,1552576401,TUR
5368566,792,TUR7367,7367,12-Feb-19,2019,1,Protests,Protest with intervention,Protesters (Turkey),Labour Group (Turkey); Former Government of Turkey (2016-),6,Police Forces of Turkey (2016-),,1,16,Middle East,Turkey,Ankara,Cankaya,,Ankara,39.9117,32.8403,1,Human Rights Foundation of Turkey,National,"On February 12, the former public workers who were dismissed by legislative decrees were dispersed by police forces when they tried to stage a protest on Yuksel Street in Cankaya, Ankara city. Four protesters were detained.",0,1561470076,TUR
5368567,792,TUR7368,7368,12-Feb-19,2019,1,Protests,Protest with intervention,Protesters (Turkey),HDP: Peoples Democratic Party,6,Police Forces of Turkey (2016-),,1,16,Middle East,Turkey,Hakkari,Hakkari,,Hakkari,37.5744,43.7408,1,Human Rights Foundation of Turkey,National,"On February 12, HDP members staged a march in Hakkari city in protest of the long term ban of receiving visits on the imprisoned PKK Leader Ocalan and to show support for MPs who went under hunger strike against this ban. Police Forces blocked the group and detained many protesters including the head of HDP Hakkari Branch.",0,1561470076,TUR
4563499,792,TUR7358,7358,11-Feb-19,2019,1,Protests,Protest with intervention,Protesters (Turkey),HDP: Peoples Democratic Party,6,Police Forces of Turkey (2016-),,1,16,Middle East,Turkey,Istanbul,Beyoglu,,Beyoglu,41.0369,28.9775,1,Karar,National,"On February 11, a group of HDP members gathered in Taksim area of Beyoglu, Istanbul to protest the long term ban of receiving visits on the imprisoned PKK Leader Ocalan and to show support for MPs who went under hunger strike against this ban. Police Forces blocked the group from marching.",0,1552576401,TUR
5368562,792,TUR7360,7360,11-Feb-19,2019,1,Protests,Protest with intervention,Protesters (Turkey),Labour Group (Turkey); Former Government of Turkey (2016-),6,Police Forces of Turkey (2016-),,1,16,Middle East,Turkey,Ankara,Cankaya,,Ankara,39.9117,32.8403,1,Human Rights Foundation of Turkey,National,"On February 11, the former public workers who were dismissed by legislative decrees were dispersed by police forces when they tried to stage a protest on Yuksel Street in Cankaya, Ankara city. Four protesters were detained. Protesters also gathered in front of Cankaya Public Health Service in Ankara and two of them were detained by the police forces.",0,1561470076,TUR
5368561,792,TUR7357,7357,10-Feb-19,2019,1,Protests,Protest with intervention,Protesters (Turkey),Labour Group (Turkey); Former Government of Turkey (2016-),6,Police Forces of Turkey (2016-),,1,16,Middle East,Turkey,Ankara,Cankaya,,Ankara,39.9117,32.8403,1,Human Rights Foundation of Turkey,National,"On February 10, the former public workers who were dismissed by legislative decrees were dispersed by police forces when they tried to stage a protest on Yuksel Street in Cankaya, Ankara city. Four protesters were detained.",0,1561470076,TUR
5368558,792,TUR7340,7340,9-Feb-19,2019,1,Protests,Protest with intervention,Protesters (Turkey),Labour Group (Turkey); Former Government of Turkey (2016-),6,Police Forces of Turkey (2016-),,1,16,Middle East,Turkey,Ankara,Cankaya,,Ankara,39.9117,32.8403,1,Human Rights Foundation of Turkey,National,"On February 9, the former public workers who were dismissed by legislative decrees were dispersed by police forces when they tried to stage a protest on Yuksel Street in Cankaya, Ankara city. Four protesters were detained.",0,1561470076,TUR
5368559,792,TUR7341,7341,9-Feb-19,2019,1,Protests,Protest with intervention,Protesters (Turkey),TAYAD: Association for Prisoners and Solidary with Prisoners,6,Police Forces of Turkey (2016-),,1,16,Middle East,Turkey,Ankara,Cankaya,,Ankara,39.9117,32.8403,1,Human Rights Foundation of Turkey,National,"On February 9, organization of the families and relatives of convicts (TAYAD) members were stopped and two were detained by Police forces when they attempted to stage a protest in Sakarya Street of Ankara city against convicts being forced to wear uniforms.",0,1561470076,TUR
5368557,792,TUR7338,7338,8-Feb-19,2019,1,Protests,Protest with intervention,Protesters (Turkey),Labour Group (Turkey); Former Government of Turkey (2016-),6,Police Forces of Turkey (2016-),,1,16,Middle East,Turkey,Ankara,Cankaya,,Ankara,39.9117,32.8403,1,Human Rights Foundation of Turkey,National,"On February 8, the former public workers who were dismissed by legislative decrees were dispersed by police forces when they tried to stage a protest on Yuksel Street in Cankaya, Ankara city. Four protesters were detained.",0,1561470076,TUR
5368554,792,TUR7331,7331,7-Feb-19,2019,1,Protests,Protest with intervention,Protesters (Turkey),Labour Group (Turkey); Former Government of Turkey (2016-),6,Police Forces of Turkey (2016-),,1,16,Middle East,Turkey,Ankara,Cankaya,,Ankara,39.9117,32.8403,1,Human Rights Foundation of Turkey,National,"On February 7, the former public workers who were dismissed by legislative decrees were dispersed by police forces when they tried to stage a protest on Yuksel Street in Cankaya, Ankara city. Eight protesters were detained.",0,1561470076,TUR
5368550,792,TUR7325,7325,6-Feb-19,2019,1,Protests,Protest with intervention,Protesters (Turkey),HDP: Peoples Democratic Party,6,Police Forces of Turkey (2016-),,1,16,Middle East,Turkey,Sanliurfa,Ceylanpinar,,Ceylanpinar,36.8472,40.05,1,Haber 7,National,"On February 6, Police forces dispersed a rally and protest of HDP members with pepper spray during the speech by the mayoral candidate of HDP in Ceylanpinar town, as she reportedly talked about PKK founder Ocalan.",0,1561470076,TUR
5368551,792,TUR7326,7326,6-Feb-19,2019,1,Protests,Protest with intervention,Protesters (Turkey),Labour Group (Turkey); Former Government of Turkey (2016-),6,Police Forces of Turkey (2016-),,1,16,Middle East,Turkey,Ankara,Cankaya,,Ankara,39.9117,32.8403,1,Human Rights Foundation of Turkey,National,"On February 6, the former public workers who were dismissed by legislative decrees were dispersed by police forces when they tried to stage a protest on Yuksel Street in Cankaya, Ankara city. Five protesters were detained.",0,1561470076,TUR
5368552,792,TUR7327,7327,6-Feb-19,2019,1,Protests,Protest with intervention,Protesters (Turkey),Students (Turkey),6,Police Forces of Turkey (2016-),,1,16,Middle East,Turkey,Ankara,Cankaya,,Ankara,39.9117,32.8403,1,Human Rights Foundation of Turkey,National,"On February 6, a group of students protesting the visit of the president Erdogan to Middle East technical University in Ankara city were detained by the Police Forces prior to the visit.",0,1561470076,TUR
5368548,792,TUR7323,7323,5-Feb-19,2019,1,Protests,Protest with intervention,Protesters (Turkey),Labour Group (Turkey); Former Government of Turkey (2016-),6,Police Forces of Turkey (2016-),,1,16,Middle East,Turkey,Ankara,Cankaya,,Ankara,39.9117,32.8403,1,Human Rights Foundation of Turkey,National,"On February 5, the former public workers who were dismissed by legislative decrees were dispersed by police forces when they tried to stage a protest on Yuksel Street in Cankaya, Ankara city. Four protesters were detained.",0,1561470076,TUR
5368549,792,TUR7324,7324,5-Feb-19,2019,1,Protests,Protest with intervention,Protesters (Turkey),Students (Turkey),6,Police Forces of Turkey (2016-),,1,16,Middle East,Turkey,Istanbul,Kadikoy,,Kadikoy,40.9813,29.0521,1,Human Rights Foundation of Turkey,National,"On February 5, a group of students were detained by the police during their protest in Kadikoy, Istanbul city, against an agreement between Board of Education in Antalya to collaborate with Ensar Foundation, the workers of which were convicted of sexual abuse targeting children.",0,1561470076,TUR
5368546,792,TUR7312,7312,4-Feb-19,2019,1,Protests,Protest with intervention,Protesters (Turkey),Labour Group (Turkey); Former Government of Turkey (2016-),6,Police Forces of Turkey (2016-),,1,16,Middle East,Turkey,Ankara,Cankaya,,Ankara,39.9117,32.8403,1,Human Rights Foundation of Turkey,National,"On February 4, the former public workers who were dismissed by legislative decrees were dispersed by police forces when they tried to stage a protest on Yuksel Street in Cankaya, Ankara city. Five protesters were detained. Some protesters also gathered in front of Cankaya Public Health Service in Ankara and one was detained.",0,1561470076,TUR
5368547,792,TUR7313,7313,4-Feb-19,2019,1,Protests,Protest with intervention,Protesters (Turkey),Labour Group (Turkey); Former Government of Turkey (2016-),6,Police Forces of Turkey (2016-),,1,16,Middle East,Turkey,Istanbul,Bakirkoy,,Bakirkoy,40.9975,28.8506,1,Human Rights Foundation of Turkey,National,"On February 4, a group of former public workers gathered in front of Bakirkoy Square in Istanbul demand their jobs back after being dismissed by legislative decrees. Police Forces intervened and detained two protesters.",0,1561470076,TUR
5368544,792,TUR7308,7308,2-Feb-19,2019,1,Protests,Protest with intervention,Protesters (Turkey),Labour Group (Turkey); Former Government of Turkey (2016-),6,Police Forces of Turkey (2016-),,1,16,Middle East,Turkey,Ankara,Cankaya,,Ankara,39.9117,32.8403,1,Human Rights Foundation of Turkey,National,"On February 2, the former public workers who were dismissed by legislative decrees were dispersed by police forces when they tried to stage a protest on Yuksel Street in Cankaya, Ankara city. Four protesters were detained.",0,1561470076,TUR
5368542,792,TUR7306,7306,1-Feb-19,2019,1,Protests,Protest with intervention,Protesters (Turkey),Labour Group (Turkey); Former Government of Turkey (2016-),6,Police Forces of Turkey (2016-),,1,16,Middle East,Turkey,Ankara,Cankaya,,Ankara,39.9117,32.8403,1,Human Rights Foundation of Turkey,National,"On February 1, the former public workers who were dismissed by legislative decrees were dispersed by police forces when they tried to stage a protest on Yuksel Street in Cankaya, Ankara city. Six protesters were detained.",0,1561470076,TUR
5368601,792,TUR7436,7436,21-Feb-19,2019,1,Explosions/Remote violence,Remote explosive/landmine/IED,PKK: Kurdistan Workers Party,,2,Military Forces of Turkey (2016-),,1,12,Middle East,Turkey,Agri,Dogubeyazit,,Somkaya,39.3968,43.9976,1,People's Defense Forces,National,"HPG reported that on February 21, PKK militants engaged in a sabotage action (bomb attack) targeting a vehicle of Turkish Forces in Zorava (Somkaya) village of Dogubeyazit, Agri, reportedly killing six soldiers.",6,1561470076,TUR
5368610,792,TUR7446,7446,24-Feb-19,2019,1,Explosions/Remote violence,Shelling/artillery/missile attack,PKK: Kurdistan Workers Party,,2,Military Forces of Turkey (2016-),,1,12,Middle East,Turkey,Sirnak,Silopi,,Silopi,37.2438,42.4634,2,People's Defense Forces,National,"HPG reported that on February 24, PKK shelled Hacilar Military Base in Silopi district of Sirnak, causing great damage to the base. Casualties were also reported but the numbers remained unknown.",0,1561470076,TUR
4562782,792,TUR7370,7370,13-Feb-19,2019,1,Riots,Violent demonstration,Rioters (Turkey),HDP: Peoples Democratic Party,5,Police Forces of Turkey (2016-),,1,15,Middle East,Turkey,Van,Van,,Van,38.4946,43.3832,1,Cumhuriyet,National,"On February 13, HDP MPs staged a march in Van city in protest of the long term ban of receiving visits on the imprisoned PKK Leader Ocalan and to show support for MPs who went under hunger strike against this ban. Police Forces blocked the group from marching during which HDP MP was reported to injure a police officer by biting her arm. Police Forces were also reported to have used rubber bullets, injuring some demonstrators.",0,1552576400,TUR
