data_id,iso,event_id_cnty,event_id_no_cnty,event_date,year,time_precision,event_type,sub_event_type,actor1,assoc_actor_1,inter1,actor2,assoc_actor_2,inter2,interaction,region,country,admin1,admin2,admin3,location,latitude,longitude,geo_precision,source,source_scale,notes,fatalities,timestamp,iso3
7129211,422,LBN1047,1047,"26 March 2019",2019,1,Battles,"Armed clash","Unidentified Armed Group (Lebanon)",,3,"Police Forces of Lebanon (2019-2020)",,1,13,"Middle East",Lebanon,Akkar,Akkar,,"Wadi Khaled",34.6194,36.3736,2,An-Nahar,National,"On 26 March 2019, a secret service officer was shot dead by an unidentified gunman in Wadi Khalid district in Akkar.",1,1592841595,LBN
5648798,422,LBN1036,1036,"17 March 2019",2019,1,Battles,"Armed clash","Fatah Movement",,3,"Hamas Movement","Refugees/IDPs (Palestine)",3,33,"Middle East",Lebanon,South,Saida,,"Mieh Mieh",33.5167,35.3667,1,Naharnet,National,"On March 17 2019, a clash erupted when a Hamas member passed a Fatah checkpoint at the entrance to the Mieh Mieh Camp east of Sidon. The Hamas member was beaten and his car vandalized. The clash then escalated into gunfire but no injuries were reported.",0,1563908694,LBN
5648527,422,LBN1031,1031,"15 March 2019",2019,1,Battles,"Armed clash","Militia (Bilal Arqoub)","Refugees/IDPs (Palestine)",3,"Unidentified Armed Group (Lebanon)","Refugees/IDPs (Palestine)",3,33,"Middle East",Lebanon,South,Saida,,"Ein el Hilweh",33.5408,35.3767,1,"Daily Star (Lebanon)",National,"On March 15 2019, a gun fight broke out between two individuals in the camp's Safsaf neighborhood of Ein al Hilweh and wounded Youssef Bilal al-Arqoub, the son of a notorious Islamist. Arqoub's family members then started a sniper fire in the neighborhood which left 3 more wounded.",0,1563908694,LBN
7159638,422,LBN1028,1028,"14 March 2019",2019,2,Battles,"Armed clash","Al Daim Clan Militia (Lebanon)",,4,"Military Forces of Lebanon (2019-2020)",,1,14,"Middle East",Lebanon,"Mount Lebanon",Baabda,,"Hai Es Sellom",33.8261,35.5111,1,An-Nahar,Regional,"As reported on March 14 2019, a Lebanese man was killed and another two were injured in a gun fight between two members of Al Diam clan and an off duty officer in Hayy al Selm. The security officer was killed in the gunfire.",1,1594745471,LBN
7159637,422,LBN1029,1029,"14 March 2019",2019,2,Battles,"Armed clash","Unidentified Armed Group (Lebanon)",,3,"Military Forces of Lebanon (2019-2020)",,1,13,"Middle East",Lebanon,Baalbek-Hermel,Hermel,,"El Qasr",34.4805,36.4402,2,"An-Nahar; National News Agency Lebanon",National-Regional,"As reported on March 14 2019, an unidentified armed group threw a grenade and fired at Lebanese soldiers in the village of Matraba at the Lebanese-Syrian borders in the town of al-Qasr. No injuries were reported.",0,1594745471,LBN
5648830,422,LBN1026,1026,"14 March 2019",2019,1,"Violence against civilians",Attack,"Unidentified Armed Group (Lebanon)",,3,"Civilians (Lebanon)","Students (Lebanon)",7,37,"Middle East",Lebanon,North,Miniyeh-Daniyeh,,"Sir ed Danniye",34.3853,36.0311,1,"Al Nour",National,"On March 14 2019, a bus carrying students was shot at in Sir e Danniye area. No injuries were reported.",0,1563908694,LBN
5648672,422,LBN1030,1030,"14 March 2019",2019,2,Battles,"Armed clash","Ansar Allah","Refugees/IDPs (Palestine)",3,"Ansar Allah","Refugees/IDPs (Palestine)",3,33,"Middle East",Lebanon,South,Saida,,"Ein el Hilweh",33.5408,35.3767,1,"National News Agency Lebanon",National,"As reported on March 14 2019, an armed fight in Ein el Hilweh left a member of Ansar seriously injured and one other person wounded.",0,1563908694,LBN
7159639,422,LBN1027,1027,"13 March 2019",2019,2,Riots,"Mob violence","Rioters (Lebanon)","Prisoners (Lebanon)",5,"Police Forces of Lebanon (2019-2020) Prison Guards",,1,15,"Middle East",Lebanon,Baalbek-Hermel,Baalbek,,Laboue,34.1953,36.3561,1,An-Nahar,Regional,"As reported on March 13 2019, four Lebanese Prisoners broke out of a detention centre in Laboue after beating a Prison guard. [size=4]",0,1594745471,LBN
7159645,422,LBN1008,1008,"21 February 2019",2019,1,Riots,"Violent demonstration","Rioters (Lebanon)","Prisoners (Lebanon)",5,"Police Forces of Lebanon (2019-2020)",,1,15,"Middle East",Lebanon,North,Tripoli,,Tripoli,34.4367,35.8497,1,An-Nahar,Regional,"On Feb 21 2019, family members of prisoners of the Al-Qubba Prison in the city of Tripoli attempted to break into the prison. They set tyres on fire and Lebanese security forces fired shots into the air to disperse them. Meanwhile, inmates set a fire inside the prison. [size=no report]",0,1594745471,LBN
7159648,422,LBN1003,1003,"18 February 2019",2019,1,Riots,"Violent demonstration","Rioters (Lebanon)",,5,,,0,50,"Middle East",Lebanon,Beirut,Beirut,,Beirut-Mousseitbeh,33.8786,35.4907,1,An-Nahar,Regional,"On Feb 18 2019, Lebanese demonstrators blocked the road near the sports city and the Kuwaiti embassy in Beirut with burning tyres to protest recent power cuts. [size=no report]",0,1594745471,LBN
6766401,422,LBN1001,1001,"18 February 2019",2019,1,Riots,"Violent demonstration","Rioters (Lebanon)",,5,"Police Forces of Lebanon (2019-2020)",,1,15,"Middle East",Lebanon,"Mount Lebanon",Baabda,,"Burj el Barajneh",33.8475,35.5033,1,"Daily Star (Lebanon)",National,"On Feb 18 2019, a number of Lebanese demonstrators gathered near the Kuwaiti Embassy in Burj al-Barajneh blocking a main road, burning tyres and demonstrating against the recent increase in electricity rationing. Internal Security forces dispersed the demonstrators and re-opened the road. [size=no report]",0,1580244054,LBN
6766400,422,LBN1002,1002,"18 February 2019",2019,1,Riots,"Violent demonstration","Rioters (Lebanon)","Police Forces of Lebanon (2019-2020)",5,"Police Forces of Lebanon (2019-2020)",,1,15,"Middle East",Lebanon,"Mount Lebanon",Baabda,,"Bir Hasan",33.8661,35.4884,1,"Daily Star (Lebanon)",National,"On Feb 18 2019, a number of Lebanese demonstrators gathered at the Camille Chamoun Sports City Stadium in Bir Hasan, blocking a main road, burning tyres and demonstrating against the recent increase in electricity rationing. Internal Security forces dispersed the demonstrators and re-opened the road. [size=no report]",0,1580244054,LBN
6766402,422,LBN999,999,"17 February 2019",2019,1,Battles,"Armed clash","Unidentified Armed Group (Lebanon)",,3,"Military Forces of Lebanon (2019-2020)",,1,13,"Middle East",Lebanon,Baalbek-Hermel,Baalbek,,Baalbek,34.0058,36.2181,1,"National News Agency Lebanon",National,"On Feb 17 2019, a Lebanese soldier was hit in the neck by a stray bullet fired by an unidentified armed group in Baalbek.",0,1580244054,LBN
5649086,422,LBN997,997,"13 February 2019",2019,1,Riots,"Mob violence","Rioters (Lebanon)",,5,"Civilians (Lebanon)","Lebanese Phalanges Party",7,57,"Middle East",Lebanon,"Mount Lebanon",Matn,,"Sin El Fil",33.878,35.54,1,Naharnet,National,"On Feb 13 2019, a petrol bomb was thrown at the Kataeb Party's office in Sin el-Fil and picture of Lebanese Forces chief Samir Geagea was torched. [size=no report]",0,1563908695,LBN
7159654,422,LBN987,987,"02 February 2019",2019,1,"Violence against civilians",Attack,"Unidentified Armed Group (Lebanon)",,3,"Civilians (Syria)","Refugees/IDPs (Syria)",7,37,"Middle East",Lebanon,Akkar,Akkar,,Aarida,34.6672,36.3042,2,An-Nahar,Regional,"On Feb 2 2019, an unidentified armed group opened fire at civilians in the refugee camp of al Ghazaliah in the northern district of Akkar from the back of a pick up truck. The attack injured 6 people, some critically.",0,1594745471,LBN
7159656,422,LBN986,986,"01 February 2019",2019,1,Battles,"Armed clash","Unidentified Armed Group (Palestine)","Refugees/IDPs (Palestine)",3,"Palestinian Joint Security Force",,3,33,"Middle East",Lebanon,North,Tripoli,,Beddawi,34.4469,35.8678,1,An-Nahar,Regional,"On Feb 01 2019, violent clashes broke out between Palestinian Security Forces and a group of unidentified wanted men in the Baddawi refugee camp. Security forces used gun fire and grenades.",0,1594745471,LBN
