data_id,iso,event_id_cnty,event_id_no_cnty,event_date,year,time_precision,event_type,sub_event_type,actor1,assoc_actor_1,inter1,actor2,assoc_actor_2,inter2,interaction,region,country,admin1,admin2,admin3,location,latitude,longitude,geo_precision,source,source_scale,notes,fatalities,timestamp,iso3
7285363,400,JOR333,333,"25 March 2019",2019,1,Riots,"Violent demonstration","Rioters (Jordan)","Labour Group (Jordan)",5,,,0,50,"Middle East",Jordan,Irbid,"Ar Ramtha",,"Ar Ramtha",32.5587,36.0082,2,"Al Ghad (Jordan)",National,"On March 25 2019, drivers of the white 'Servis' taxi working on the line of Ramtha - Syria continued their sit-in for the second day in Ar Ramtha against the tightening of the inspection procedures at the Jaber border crossing. Demonstrators closed the international road leading to Syria with burning tires, and demanded the opening of another vehicle inspection trail at the crossing. An agreement signed later that day ended the sit-in. [size=no report]",0,1604359293,JOR
7285375,400,JOR332,332,"24 March 2019",2019,1,Riots,"Violent demonstration","Rioters (Jordan)","Labour Group (Jordan)",5,,,0,50,"Middle East",Jordan,Irbid,"Ar Ramtha",,"Ar Ramtha",32.5587,36.0082,2,"Al Ghad (Jordan)",National,"On March 24 2019, drivers of the white 'Servis' taxi working on the line of Ramtha - Syria held a sit-in in Ar Ramtha against the tightening of the inspection procedures at the Jaber border crossing. Demonstrators closed the international road leading to Syria with burning tires, and demanded the opening of another vehicle inspection trail at the crossing. [size=no report]",0,1604359293,JOR
5647946,400,JOR291,291,"05 March 2019",2019,1,Battles,"Armed clash","Unidentified Clan Militia (Jordan)",,4,"Unidentified Clan Militia (Jordan)",,4,44,"Middle East",Jordan,"Al Karak","Al Mazar al Janubi",,Mu'tah,31.0925,35.6944,1,"Al Ghad (Jordan)",National,"On March 5 2019, 6 people were injured in a brawl between two families in Mu'tah south of the Karak province. The fighters used knives in the brawl which led to the injuries.",0,1563908693,JOR
6229340,400,JOR254,254,"16 February 2019",2019,1,Battles,"Armed clash","Police Forces of Jordan (1999-)","Police Forces of Jordan (1999-) Gendarmerie",1,"Unidentified Tribal Militia (Jordan)",,4,14,"Middle East",Jordan,Ajloun,"Qasabat Ajlun",,Anjara,32.3063,35.7565,1,"Jordan News Agency; Xinhua; Al Ghad (Jordan)",National-International,"On Feb 16 2019, one Jordanian was killed and one other injured as police forces were attacked by the family members of two Jordanians who were detained in Anjara, in Ajlun northwest of Amman. Police and gendarmerie stopped a car and arrested two men inside when they refused to provide identification. The men then called their relatives who attacked the security checkpoint. Police forces used tear-gas and were fired at with rocks and machine guns. 4 Police officers were also injured during the clashes.",1,1572403608,JOR
7159650,400,JOR252,252,"14 February 2019",2019,1,"Explosions/Remote violence","Remote explosive/landmine/IED","Unidentified Armed Group (Jordan)",,3,"Police Forces of Jordan (1999-)",,1,13,"Middle East",Jordan,"Al Balqa","Qasabat As Salt",,"As Salt",32.0392,35.7272,1,"An-Nahar; Xinhua",Regional-International,"On Feb 14 2019, two Jordanian Police officers were killed and 7 others injured, as a second landmine exploded in the Naqab Dabbour area in As Salt City, west of Amman. The location of the blast is the same location where an unidentified armed group hid explosives during their attack in Al-Salt in August 2018. A third officer succumbed to his wounds on 20 February.",3,1594745471,JOR
7159649,400,JOR251,251,"14 February 2019",2019,1,"Explosions/Remote violence","Remote explosive/landmine/IED","Unidentified Armed Group (Jordan)",,3,"Civilians (Jordan)",,7,37,"Middle East",Jordan,"Al Balqa","Qasabat As Salt",,"As Salt",32.0392,35.7272,1,"An-Nahar; Xinhua",Regional-International,"On Feb 14 2019, a civilians was killed when a landmine exploded in the Naqab Dabbour area in As Salt City, west of Amman. The location of the blast is the same location where an unidentified armed group hid explosives during their attack in Al-Salt in August 2018.",1,1594745471,JOR
