OBJECTID,ID_0,ISO,NAME_0,ID_1,NAME_1,TYPE_1,ENGTYPE_1,NL_NAME_1,VARNAME_1,REFPOP,count
1,116,JOR,Jordan,1,Ajlun,Muhafazah,Province,NA,Ajloan|`Ajlun,100,2
2,116,JOR,Jordan,2,Amman,Muhafazah,Province,NA,Ama,400,7
3,116,JOR,Jordan,3,Aqaba,Muhafazah,Province,NA,Al `Aqabah,50,3
4,116,JOR,Jordan,4,Balqa,Muhafazah,Province,NA,Al Balqa'|Balka|Belga,100,5
5,116,JOR,Jordan,5,Irbid,Muhafazah,Province,NA,NA,400,9
6,116,JOR,Jordan,6,Jarash,Muhafazah,Province,NA,NA,100,1
7,116,JOR,Jordan,7,Karak,Muhafazah,Province,NA,Al Karak|Kerak,100,7
8,116,JOR,Jordan,8,Maan,Muhafazah,Province,NA,NA,100,5
9,116,JOR,Jordan,9,Madaba,Muhafazah,Province,NA,NA,100,2
10,116,JOR,Jordan,10,Mafraq,Muhafazah,Province,NA,NA,500,5
11,116,JOR,Jordan,11,Tafilah,Muhafazah,Province,NA,At Tafilah|Tafela|Tafileh,50,3
12,116,JOR,Jordan,12,Zarqa,Muhafazah,Province,NA,Az Zarqa',400,3
